manufacturer,Year,Hand,Gear,Engine_capacity,Engine_type,Km,Test,Color,Curr_ownership,Prev_ownership,Area,City,Pic_num,Price,model,Cre_date,Repub_date,Description
Mitsubishi,2005.0,8.0,G,1600,בנזין,0,2024-10-01,כסוף,P,P,ירושלים והסביבה,ירושלים,3.0,0.0,לנסר קלאסיק,2024-05-22,2024-06-24,רכב במצב פצצה שירת אותי נאמנה הוחלף לפני חודש תושבות מנוע פלאגים ברקסים צלחות רפידות עבר טיפול 10000 ממש לאחרונה מזגן מקפיא רכב במצב מצוין פשוט תדלק וסע גמיש מעט במעמד מכירת הרכב לרצינים בלבד נמכר עקב שדרוג לשנתון יותר גבוה
Mitsubishi,2016.0,2.0,G,2000,בנזין,0,,לבן,P,P,חיפה וחוף הכרמל,נשר,4.0,0.0,GT3000,2024-05-05,2024-05-05,אאוטלנדר המפואר פרמיום 7 מקומות טופל אצל היבואן שמור מאוד ללא תקלות ללא תאונות מרווח מאוד
Mitsubishi,2016.0,2.0,G,2000,בנזין,0,2025-02-01,לבן,P,P,חיפה וחוף הכרמל,נשר,4.0,0.0,I-MIEV,2024-05-05,2024-05-04,אאוטלנדר הדגם המפואר 7 מקומות שמור ומטופל אצל היבואן ללא תאונות ללא תקלות רכב נח ומרווח מאוד גמיש מעט במחיר
Mitsubishi,2020.0,2.0,G,2000,בנזין,0,2024-09-01,שחור,L,P,חיפה וחוף הכרמל,טירת כרמל,3.0,0.0,אקליפס,2024-04-25,2024-04-25,"מיצובישי ASX76,000 ק""ממוכן גם להחליף."
Mitsubishi,2010.0,3.0,G,1600,בנזין,0,2024-11-01,כסוף,P,P,נתניה והסביבה,נתניה,7.0,0.0,לנסר,2024-03-16,2024-03-16,גיר מנוע תקינים מעככת מוביליין רכב 7 שנים עצלי ללא בעיה .
Mitsubishi,2022.0,1.0,G,1500,בנזין,0,,כחול מטאלי,P,P,נס ציונה - רחובות,רחובות,6.0,0.0,אקליפס,2024-02-06,2024-02-06,דגם executiveמנוע 1.5 טורבומפתח חכם כניסה והתנעהטסט וטיפול עד 7/2024רכב נקי מתאונותעדיין באחריות יצרן!
Mitsubishi,2020.0,2.0,G,4200,גז,0,,לבן,P,P,באר שבע והסביבה,באר שבע,4.0,0.0,לנסר ספורטבק,2024-01-05,2024-01-05,"2020 מיצובישי אאוטלנדר ספורט ES 4x41-בעליםמנוע 4 צילינדרים חזק בנפח 2.0 ליטר עם תיבת הילוכים אוטומטית, הנעה לכל הגלגליםלְנַקוֹת,ללא תאונות90,000 מיילים מהכביש המהיר של המדינה...Vin # JA4AR3AU7LU030987פועל ונוסע כמו חדש... הרגע יצאה מאחריות היצרן...טעון עם כניסה ללא מפתחמערכת סאונד פרימיום עם בלוטות' ו-USBהכל עובד, ללא רבב מבחינה מכנית. אף לא רעשן, חריקה או דליפה אחת!פועל ונוסע בצורה מושלמת.4 צמיגים שהוחלפו לאחרונה... בלמים ורוטורים טובים.אין בעיות...."
Mitsubishi,2020.0,2.0,G,4200,גז,0,,לבן,P,P,חדרה וישובי עמק חפר,חדרה,4.0,0.0,לנסר ספורטבק,2024-01-05,2024-01-05,"2020 מיצובישי אאוטלנדר ספורט ES 4x41-בעליםמנוע 4 צילינדרים חזק בנפח 2.0 ליטר עם תיבת הילוכים אוטומטית, הנעה לכל הגלגליםלְנַקוֹת,ללא תאונות90,000 מיילים מהכביש המהיר של המדינה...Vin # JA4AR3AU7LU030987פועל ונוסע כמו חדש... הרגע יצאה מאחריות היצרן...טעון עם כניסה ללא מפתחמערכת סאונד פרימיום עם בלוטות' ו-USBהכל עובד, ללא רבב מבחינה מכנית. אף לא רעשן, חריקה או דליפה אחת!פועל ונוסע בצורה מושלמת.4 צמיגים שהוחלפו לאחרונה... בלמים ורוטורים טובים.אין בעיות...."
Mitsubishi,2020.0,2.0,G,4200,גז,0,,לבן,P,P,באר שבע והסביבה,דימונה,4.0,0.0,לנסר ספורטבק,2024-01-05,2024-01-05,"2020 מיצובישי אאוטלנדר ספורט ES 4x41-בעליםמנוע 4 צילינדרים חזק בנפח 2.0 ליטר עם תיבת הילוכים אוטומטית, הנעה לכל הגלגליםלְנַקוֹת,ללא תאונות90,000 מיילים מהכביש המהיר של המדינה...Vin # JA4AR3AU7LU030987פועל ונוסע כמו חדש... הרגע יצאה מאחריות היצרן...טעון עם כניסה ללא מפתחמערכת סאונד פרימיום עם בלוטות' ו-USBהכל עובד, ללא רבב מבחינה מכנית. אף לא רעשן, חריקה או דליפה אחת!פועל ונוסע בצורה מושלמת.4 צמיגים שהוחלפו לאחרונה... בלמים ורוטורים טובים.אין בעיות...."
Mitsubishi,2020.0,2.0,G,4200,גז,0,,לבן,P,P,ירושלים והסביבה,ירושלים,4.0,0.0,לנסר ספורטבק,2024-01-05,2024-01-05,"2020 מיצובישי אאוטלנדר ספורט ES 4x41-בעליםמנוע 4 צילינדרים חזק בנפח 2.0 ליטר עם תיבת הילוכים אוטומטית, הנעה לכל הגלגליםלְנַקוֹת,ללא תאונות90,000 מיילים מהכביש המהיר של המדינה...Vin # JA4AR3AU7LU030987פועל ונוסע כמו חדש... הרגע יצאה מאחריות היצרן...טעון עם כניסה ללא מפתחמערכת סאונד פרימיום עם בלוטות' ו-USBהכל עובד, ללא רבב מבחינה מכנית. אף לא רעשן, חריקה או דליפה אחת!פועל ונוסע בצורה מושלמת.4 צמיגים שהוחלפו לאחרונה... בלמים ורוטורים טובים.אין בעיות...."
Mitsubishi,2020.0,2.0,G,4200,גז,0,,לבן,P,P,עכו - נהריה,נהריה,4.0,0.0,לנסר ספורטבק,2024-01-05,2024-01-05,"2020 מיצובישי אאוטלנדר ספורט ES 4x41-בעליםמנוע 4 צילינדרים חזק בנפח 2.0 ליטר עם תיבת הילוכים אוטומטית, הנעה לכל הגלגליםלְנַקוֹת,ללא תאונות90,000 מיילים מהכביש המהיר של המדינה...Vin # JA4AR3AU7LU030987פועל ונוסע כמו חדש... הרגע יצאה מאחריות היצרן...טעון עם כניסה ללא מפתחמערכת סאונד פרימיום עם בלוטות' ו-USBהכל עובד, ללא רבב מבחינה מכנית. אף לא רעשן, חריקה או דליפה אחת!פועל ונוסע בצורה מושלמת.4 צמיגים שהוחלפו לאחרונה... בלמים ורוטורים טובים.אין בעיות...."
Mitsubishi,2020.0,2.0,G,4200,גז,0,,לבן,P,P,"ראשל""צ והסביבה",ראשון לציון,4.0,0.0,לנסר ספורטבק,2024-01-05,2024-01-05,"2020 מיצובישי אאוטלנדר ספורט ES 4x41-בעליםמנוע 4 צילינדרים חזק בנפח 2.0 ליטר עם תיבת הילוכים אוטומטית, הנעה לכל הגלגליםלְנַקוֹת,ללא תאונות90,000 מיילים מהכביש המהיר של המדינה...Vin # JA4AR3AU7LU030987פועל ונוסע כמו חדש... הרגע יצאה מאחריות היצרן...טעון עם כניסה ללא מפתחמערכת סאונד פרימיום עם בלוטות' ו-USBהכל עובד, ללא רבב מבחינה מכנית. אף לא רעשן, חריקה או דליפה אחת!פועל ונוסע בצורה מושלמת.4 צמיגים שהוחלפו לאחרונה... בלמים ורוטורים טובים.אין בעיות...."
Mitsubishi,2020.0,2.0,G,4200,גז,0,,לבן,P,P,רעננה - כפר סבא,כפר סבא,4.0,0.0,לנסר ספורטבק,2024-01-05,2024-01-05,"2020 מיצובישי אאוטלנדר ספורט ES 4x41-בעליםמנוע 4 צילינדרים חזק בנפח 2.0 ליטר עם תיבת הילוכים אוטומטית, הנעה לכל הגלגליםלְנַקוֹת,ללא תאונות90,000 מיילים מהכביש המהיר של המדינה...Vin # JA4AR3AU7LU030987פועל ונוסע כמו חדש... הרגע יצאה מאחריות היצרן...טעון עם כניסה ללא מפתחמערכת סאונד פרימיום עם בלוטות' ו-USBהכל עובד, ללא רבב מבחינה מכנית. אף לא רעשן, חריקה או דליפה אחת!פועל ונוסע בצורה מושלמת.4 צמיגים שהוחלפו לאחרונה... בלמים ורוטורים טובים.אין בעיות...."
Mitsubishi,2020.0,2.0,G,4200,גז,0,,לבן,P,P,פתח תקוה והסביבה,פתח תקווה,4.0,0.0,לנסר ספורטבק,2024-01-05,2024-01-05,"2020 מיצובישי אאוטלנדר ספורט ES 4x41-בעליםמנוע 4 צילינדרים חזק בנפח 2.0 ליטר עם תיבת הילוכים אוטומטית, הנעה לכל הגלגליםלְנַקוֹת,ללא תאונות90,000 מיילים מהכביש המהיר של המדינה...Vin # JA4AR3AU7LU030987פועל ונוסע כמו חדש... הרגע יצאה מאחריות היצרן...טעון עם כניסה ללא מפתחמערכת סאונד פרימיום עם בלוטות' ו-USBהכל עובד, ללא רבב מבחינה מכנית. אף לא רעשן, חריקה או דליפה אחת!פועל ונוסע בצורה מושלמת.4 צמיגים שהוחלפו לאחרונה... בלמים ורוטורים טובים.אין בעיות...."
Mitsubishi,2020.0,2.0,G,4200,גז,0,,לבן,P,P,נתניה והסביבה,נתניה,4.0,0.0,לנסר ספורטבק,2024-01-05,2024-01-05,"2020 מיצובישי אאוטלנדר ספורט ES 4x41-בעליםמנוע 4 צילינדרים חזק בנפח 2.0 ליטר עם תיבת הילוכים אוטומטית, הנעה לכל הגלגליםלְנַקוֹת,ללא תאונות90,000 מיילים מהכביש המהיר של המדינה...Vin # JA4AR3AU7LU030987פועל ונוסע כמו חדש... הרגע יצאה מאחריות היצרן...טעון עם כניסה ללא מפתחמערכת סאונד פרימיום עם בלוטות' ו-USBהכל עובד, ללא רבב מבחינה מכנית. אף לא רעשן, חריקה או דליפה אחת!פועל ונוסע בצורה מושלמת.4 צמיגים שהוחלפו לאחרונה... בלמים ורוטורים טובים.אין בעיות...."
Mitsubishi,2020.0,2.0,G,4200,גז,0,,לבן,P,P,רעננה - כפר סבא,כפר סבא,4.0,0.0,לנסר ספורטבק,2024-01-05,2024-01-05,"2020 מיצובישי אאוטלנדר ספורט ES 4x41-בעליםמנוע 4 צילינדרים חזק בנפח 2.0 ליטר עם תיבת הילוכים אוטומטית, הנעה לכל הגלגליםלְנַקוֹת,ללא תאונות90,000 מיילים מהכביש המהיר של המדינה...Vin # JA4AR3AU7LU030987פועל ונוסע כמו חדש... הרגע יצאה מאחריות היצרן...טעון עם כניסה ללא מפתחמערכת סאונד פרימיום עם בלוטות' ו-USBהכל עובד, ללא רבב מבחינה מכנית. אף לא רעשן, חריקה או דליפה אחת!פועל ונוסע בצורה מושלמת.4 צמיגים שהוחלפו לאחרונה... בלמים ורוטורים טובים.אין בעיות...."
Mitsubishi,2008.0,3.0,G,1600,בנזין,0,,כחול,P,P,חיפה וחוף הכרמל,חיפה,6.0,0.0,לנסר,2023-11-06,2023-12-17,"לרציניים בלבד!!מוכר את הרכב שלי בצער רב. האוטו ללא תאונות יש לו מצבר+אלטרנטור חדשים עם ביטוח, מזגן עובד קור וחום אפשר להתחבר למערכת גם עם כבל USB ויש רמקולים מעולים עם בס חזק, גלגלי מגנזיום.בגדול הרכב מושלם רק להשים דלק ולנסוע ( אני לרוב בבסיס אז בתיאום מראש)ולא בשבת."
Mitsubishi,2019.0,1.0,G,2000,בנזין,0,,לבן שנהב,P,P,"ראשל""צ והסביבה",ראשון לציון,2.0,0.0,אקליפס,2023-11-28,2023-11-28,מיציבושי אאוטלנדר דגם אינסטיל.7 מקומות. ללא תאונות. גגון.כספת
Mitsubishi,2011.0,2.0,G,1500,בנזין,0,,שחור,P,P,גליל ועמקים,נצרת עילית,4.0,0.0,לנסר איוולושן,2023-11-16,2023-11-16,"רכב כמו חדש , מצויין , חיסכוני , טסט עד 05/2024 170,000 ק״ם"
Mitsubishi,2014.0,5.0,G,1200,בנזין,0,,לבן פנינה,P,P,מודיעין והסביבה,מודיעין מכבים רעות,5.0,0.0,אטראז',2023-10-23,2023-10-25,"רכב במצב מעולה כמו חדש.אמין,לא רואה מוסך,חסכוני בדלק.לאחר טיפול תקופתי מקיף,מצבר חדש,צמיגים חדשים.תא מטען ענק ,מזגן מקפיא.טסט עד פברואר.מחירון לוי יצחק 19,300 ש""ח מחיר נדרש 16,000 ש""ח."
Mitsubishi,2018.0,1.0,G,2000,בנזין,0,,לבן,P,P,"ראשל""צ והסביבה",ראשון לציון,3.0,0.0,אטראז',2023-08-22,2023-08-22,"מיצובישי אאוטלנדר 2018 , 7 מקומות דגם INSTYLE, יד פרטית ראשונה,ללא תאונות. קילומטראז נמוך 48,000.שמורה ומטופלת במוסך היבואן.119,000 ש""ח.שי 0506776388"
Mitsubishi,2009.0,3.0,G,1800,בנזין,0,,שחור,P,P,פתח תקוה והסביבה,פתח תקווה,4.0,0.0,לנסר ספורטבק,2023-07-09,2023-07-09,"הרכב אמין, שמור ומטופל, מצבר חדש ממש, מסך מולטימדיה גדול ואיכותי, מצלמת רוורס, מנוע 1800(!)."
Mitsubishi,2005.0,3.0,G,1600,בנזין,0,,כסוף,P,P,בית שמש והסביבה,בית שמש,7.0,0.0,לנסר קלאסיק,2023-05-15,2023-05-15,"רכב שמור ללא תקלות יש טסט ל 7 חודש מזגן מקפיא יש לרכב שני מפתחות ושני שלטים בשווי כל אחד 300 שקלים מערכת שמע טובה מאוד עם בלוטוס מגיע עם שואב אבק שמתחבר למצת של הרכב, כבלים , מים ירוקים , ועוד הרבה דברים יש חיישני רוורס קילומטר נמוך יחסית לשנתון נוסע נסיעות ארוכות ללא שום בעיה לא מתחמם ואין נזילות האוטו עבר טיפול גדול לפני הטסט צמיגים במצב טוב מאוד רק לשים דלק ולנסוע לא בשבת גמיש ואין ווצאפפ"
Mitsubishi,2019.0,1.0,G,2400,היבריד,0,,כסוף מטאלי,P,P,גדרה יבנה והסביבה,יבנה,1.0,0.0,I-MIEV,2023-05-15,2023-05-15,"מיצובישי אאוטלנדר PHEV פלאג אין, שמורה ונקיה, טופלה במוסך היבואן, ק""מ נמוך, צמיגים חדשים"
Mitsubishi,2012.0,2.0,G,1600,בנזין,0,,לבן,P,P,חדרה וישובי עמק חפר,חדרה,1.0,0.0,לנסר,2023-05-13,2023-05-13,"Mitsubishi Lancer Instyle 2012 1.6יד 2215,000 ק""מטסט: 09ברכב קיימת מערכת מולטימדיה Android 9.1 סאב חברת Pioneer ו2 אמפליפיירים מחברת Logicרכב מעולה לא עושה בעיות נדרש טיפול קוסמטי גיורא-0527724514"
Mitsubishi,2008.0,3.0,G,1600,בנזין,0,,אפור מטאלי,P,P,ירושלים והסביבה,ירושלים,3.0,0.0,לנסר קלאסיק,2023-03-25,2023-03-25,לרכב הוחלף לאחרונה טיימינג משאבת מיםבלמים קדימה תושבות גיר קדימה ואחורהשמנים ופילטרים
Mitsubishi,2007.0,5.0,G,1600,בנזין,0,,אפור מטאלי,P,P,ירושלים והסביבה,ירושלים,4.0,0.0,לנסר קלאסיק,2023-03-25,2023-03-25,רכב במצב מצויןהוחלף לאחרונה טיימינג משאבת מים שמנים ופילטרים בלמים אחורה וקדימה תושבות מנוע
Mitsubishi,2018.0,1.0,G,1400,בנזין,0,,כחול,P,P,ירושלים והסביבה,ירושלים,1.0,0.0,ספייס סטאר,2023-02-17,2023-02-17,תוספותמערכת מולטימדיה
Mitsubishi,2016.0,1.0,G,2000,בנזין,0,,לבן מטאלי,L,P,מודיעין והסביבה,מודיעין מכבים רעות,4.0,1.0,I-MIEV,2022-12-07,2023-01-12,"מיצובישי אאוטלנדר במצב טוב שמור ,לא עבר תאונות, טיפולים לפי הספר, מתחייב בבדיקה לרצינים בלבד פרטים בטלפון ‎0542458443"
Mitsubishi,2008.0,3.0,G,1600,בנזין,0,,אפור מטאלי,P,P,נס ציונה - רחובות,רחובות,6.0,0.0,לנסר,2022-12-27,2022-12-27,"Lancer 2008יד3טסט 3/23200קממצב מכני מצויין+נסיעה שקטה, הכל עובד מעולההנחות לנהגים חדשים, חיילים ועולים חדשים‼️Скидки новым репатриантам ‼️"
Mitsubishi,2018.0,2.0,G,2000,בנזין,0,,,,,רמת גן - גבעתיים,גבעתיים,1.0,0.0,אאוטלנדר,2022-10-29,2022-10-29,"מיצובישי ג'יפ אאוטלנדר 7 מושבים נוסעים, שנת 2018 יד 2 לאחר טיפול במוסך מיצובישי.74,000 ק""מ ללא תאונות.מערכת אנדרואיד מסך גדול, חלון בגג, ג'אנטים מגנזיום, צמיגים חדשים, הנעה ללא מפתח, 2 שלטים, נעילה/פתיחה בקרבה עם שלט לחיצה על לחצן בדלת נוסעים ומאחור, הרמת חלונות אוטומט בנעילה, מערכות בטיחות מתקדמות כולל בלימה אוטונומית, קרוז קונטרול, מצב ECO חסכוני ומערכת stop&amp;start חסכוני מאוד. &lt;br/&gt;&lt;br/&gt;פירוט:&lt;br/&gt; מערכת מולטימדיה אנדרואיד מסך טאצ.הנעה ללא מפתח.חלון בגג.אחרי טיפול במוסך מיצובישי.צמיגים חדשים."
Mitsubishi,2019.0,1.0,G,2360,חשמלי,0,,,,,גליל ועמקים,יוקנעם עילית,1.0,0.0,אאוטלנדר,2022-10-27,2022-10-27,דגם סופרים הכי מפואר פלאג אין phev
Mitsubishi,2015.0,2.0,G,1200,בנזין,0,,,,,יישובי השומרון,עץ אפרים,1.0,0.0,אטראז',2022-10-27,2022-10-27,"רכב במצב מעולה טסט לשנה.יד 1 ליסינג יד 2 פרטי מנכה. שמור מאדגלגלים חדשים מערכת מולטימדיה מצלמת דרך. &lt;br/&gt;&lt;br/&gt;פירוט:&lt;br/&gt; מערכת מולטימדיה, מוביליי"
Mitsubishi,2021.0,1.0,G,2500,היברידי,0,,,,,מודיעין והסביבה,מודיעין מכבים רעות,1.0,0.0,אאוטלנדר,2022-10-26,2022-10-26,מצב מצויין שמור מאוד &lt;br/&gt;&lt;br/&gt;פירוט:&lt;br/&gt; מערכת הגברה
Mitsubishi,2008.0,1.0,G,1800,בנזין,0,,זהב מטאלי,P,P,עמק יזרעאל,גן נר,4.0,0.0,לנסר ספורטבק,2022-10-24,2022-10-24,דגם: לנסר ספורט החדשה מזגן מעולהתא מיטען ענקיושבת מצוין על הכבישמאוד אמינה ונוחהבטיחות מירבית (7 כריות אוויר).
Mitsubishi,2014.0,3.0,G,200,בנזין,0,,,,,באר שבע והסביבה,קרית גת,1.0,0.0,אאוטלנדר,2022-10-24,2022-10-24,רכב מושלם ושמר מטופל בזמן במוסך מורשה מוכר כי קניתי אותו על חשמל יש בעיה בחלון ליד הנהג לכן אני קצת גמיש לעוד פרטים בפרטי &lt;br/&gt;&lt;br/&gt;פירוט:&lt;br/&gt; מותקן ברכב מערכת גז מאוד יוקרתית כולל מערכת מולטימדיה אנדרואיד
Mitsubishi,2019.0,1.0,G,80,בנזין,0,,,,,אילת והערבה,אילת,1.0,0.0,אטראז',2022-10-23,2022-10-23,הרחב במצב טוב ללא תעונות במצב טוב שמור לחלוטין
Mitsubishi,2017.0,1.0,G,2000,בנזין,0,,,,,נס ציונה - רחובות,נס ציונה,1.0,0.0,אאוטלנדר,2022-10-23,2022-10-23,"יד ראשונה פרטית , מצב מצויין ללאתאונות"
Mitsubishi,2021.0,1.0,G,1998,בנזין,0,,,,,חולון - בת ים,חולון,1.0,0.0,אאוטלנדר,2022-10-21,2022-10-21,"דגם הפרימיום היוקרתי. כולל ציפוי ננו קרמי, חימום במושבים, שבעה מושבים, גג נפתח, באחריות יצרן עד מרץ 2023,שמור ביותר, איתוראן אקטיב, מרימי שמשות וסוגר גג. מערכות מיגון מתקדמות, נמכר רק בשל קבלת רכב מהעבודה. עדיין באחריות של כלמוביל עד מרץ 2023, ריפודי עור"
Mitsubishi,2019.0,1.0,G,2500,בנזין,0,,,,,חולון - בת ים,חולון,1.0,0.0,אאוטלנדר,2022-10-20,2022-10-20,רכב שמור מטופל בחברה בזמן &lt;br/&gt;&lt;br/&gt;פירוט:&lt;br/&gt; וו גרירה
Mitsubishi,2017.0,2.0,G,2000,בנזין,0,,,,,nan,גבעת עדה,1.0,0.0,אאוטלנדר,2022-10-19,2022-10-19,"רכב במצב מעולה, דגם Instyle, עבר את כל הטיפולים במוסך מיצובישי מורשה, 7 מושבים, כולל מובילאי, מערכת מולטימדיה מקורית, גג נפתח, בעלות קודמת ליסינג 0 ק""מ והיה ביד פרטית שלי בלבד, ללא תאונות. נמכר בעקבות מעבר לרכב חשמלי. מחיר מציאה. &lt;br/&gt;&lt;br/&gt;פירוט:&lt;br/&gt; גגון"
Mitsubishi,2016.0,2.0,G,2000,בנזין,0,,,,,חיפה וחוף הכרמל,חיפה,1.0,0.0,אאוטלנדר,2022-10-19,2022-10-19,"מיצובישי אאוטלנדר תאריך עלייה לכביש 10.08.2016... 163,000 קילומטר.... קיים תיק טיפולים + טסט לשנה ... 7 מקומות."
Mitsubishi,2020.0,1.0,G,1650,בנזין,0,,,,,nan,רמות מאיר,1.0,0.0,אקליפס,2022-10-19,2022-10-19,רכב במצב מצויין
Mitsubishi,2018.0,1.0,G,2000,בנזין,0,,,,,"ראשל""צ והסביבה",ראשון לציון,1.0,0.0,אאוטלנדר,2022-10-18,2022-10-18,אאוטלנדר אינסטנט כחדש דצמבר 2018 .נסע רק 9000 קמ . התחיבות למנוע גיר ושסי.
Mitsubishi,2021.0,2.0,G,1998,בנזין,0,,,,,חיפה וחוף הכרמל,חיפה,1.0,0.0,אאוטלנדר,2022-10-18,2022-10-18,מכונית חדשה מרהיבה ועוצמתית באחריות החברה- עם כל התוספות המתבקשות.
Mitsubishi,2010.0,2.0,G,1500,בנזין,0,,,,,פרדס חנה - כרכור,פרדס חנה כרכור,1.0,0.0,לנסר הדור החדש,2022-10-17,2022-10-17,"מצב מכני מעולה, טסט עד אוגוסט 2023, יד שניה"
Mitsubishi,2009.0,3.0,G,1500,בנזין,0,,כסוף מטאלי,P,P,חיפה וחוף הכרמל,עתלית,5.0,0.0,לנסר,2022-06-25,2022-10-15,"מיצובישי לנסר הדור החדש 2009 1500 סמ""ק בצבע כסף,טסט לשנה, אוטו במצב מעולה, אמין מאוד, מטופל תמיד בזמן עם חלפים מקוריים. אצלי 8 שנים שימש אותי נאמנה ללא תקלות. כדאי מאוד!!!"
Mitsubishi,2013.0,4.0,G,255,בנזין,239,,,,,אשדוד - אשקלון,אשקלון,1.0,0.0,אאוטלנדר,2022-10-14,2022-10-14,"מיצובישי אאוטלנדר במצב מעולה הדגם המשופר Elite 4 על 4ריפודי עור, חימום במושבים, מערכת אנדרואיד חדשה ברכב, וו גרירה, גגון כל התוספות של הדגם המפואר &lt;br/&gt;&lt;br/&gt;פירוט:&lt;br/&gt; גגון, וו גרירה, מערכת מולטימדיה חדשה"
Mitsubishi,2010.0,2.0,G,2400,בנזין,0,,,,,בית שמש והסביבה,בית שמש,1.0,0.0,גרנדיס,2022-10-13,2022-10-13,"רכב חזק אמין ונוח במיוחד. תא מטען ענק בקיפול המושבים הוא פשוט עצום. בגרסת הבסיס הרכב שותה דלק ולכן עבר הסבה לגז שנותנת נתונים של 1 ל15 כשעבור רכב בגודל הזה זה נתון נדיר! הק""מ הגבוה כמעט לא רלוונטי שכן הרכב עבר טיפולי עומק כולל אוברול מנוע וחידוש כללי עם החלפת המון חלקים רק לאחרונה. בקיצור האופציה המוצלחת ביותר לרכב נוח ענק עם 7 מקומות אמיתיים חסכוני בדלק במחיר כזה. &lt;br/&gt;&lt;br/&gt;פירוט:&lt;br/&gt; גלגלי מגנזיום. מזגן מחודש. מערכת גז חסכונית. חלונות מושחרים."
Mitsubishi,2016.0,2.0,G,2000,בנזין,0,,,,,באר שבע והסביבה,באר שבע,1.0,0.0,אאוטלנדר,2022-10-07,2022-10-07,"למכירה מציאה של ממש** אאוטלנדר 2016 5 מקומות כמו חדש קילומטראז רק 39 אלף פרטית ..עם תוספות מדרכות צד ניקל איכותיות ומולטימדיה 10 כל האפליקציות פתוחות ..רכב חסכוני שקט אמין מטופל רק במיצובישי פשוט לבוא לקחת מחירון לוי יצחק 112,000 דורש מחיר סופי 99..בהצלחה &lt;br/&gt;&lt;br/&gt;פירוט:&lt;br/&gt; מדרכות צד איכותיות ניקל,מולטימדיה ענקית 10 אינץ פתוח כל האפליקציות"
Mitsubishi,2008.0,2.0,G,1800,בנזין,189,,,,,nan,יקנעם עילית,1.0,0.0,לנסר,2022-10-07,2022-10-07,"מיצובישי לנסר 2008 רכב שמור מאוד טיפולים בזמן צבע די שמור נהגת יחידה מוכרת עקב מעבר לרכב חדש יותר הוחלף צמיגים, משולשים, תפוחים, הכל חדש רכב חזק מנוע 1800 יש את כל המסמכים עוד מהבעלים הקודמים שתי מפתחות שתי שלטים הרכב מבפנים מאוד שמור מצב מכני הכי טוב שיש גמישה ""לא בשבת"""
Mitsubishi,2020.0,2.0,G,1200,בנזין,0,,,,,רעננה - כפר סבא,כוכב יאיר,1.0,0.0,ספייס סטאר,2022-10-06,2022-10-06,"טסט אוקטובר 2023! מצב מצוין, ק""מ נמוך, נהגת יחידה ניתן לראות בהרצליה/כוכב יאיר/תל אביב &lt;br/&gt;&lt;br/&gt;פירוט:&lt;br/&gt; מצלמת רוורסcar play"
Mitsubishi,2018.0,2.0,G,2000,בנזין,0,,,,,רמת גן - גבעתיים,גבעתיים,1.0,0.0,אאוטלנדר,2022-10-05,2022-10-05,"ג'יפ מיצובישי אאוטלנדר 7 מקומות , אינסטייל , הנעה בכפתור ללא מפתח , חלון בגג , מערכת מולטימדיה אנדרואיד, טיפולים במוסך מיצובישי."
Mitsubishi,2015.0,2.0,G,2000,בנזין,0,,,,,באר שבע והסביבה,שדרות,1.0,0.0,אאוטלנדר,2022-10-05,2022-10-05,רכב שמור מטופל בזמן2 נהגים בלבדעבר בדיקה לפני שבועיים טסט עד 12/22 &lt;br/&gt;&lt;br/&gt;פירוט:&lt;br/&gt; מצלמת רוורס
Mitsubishi,2017.0,2.0,G,1998,בנזין,0,,,,,פתח תקוה והסביבה,פתח תקווה,1.0,0.0,אאוטלנדר,2022-10-04,2022-10-04,מטופל בחברה
Mitsubishi,2020.0,1.0,G,1000,בנזין,0,,שחור,L,P,נתניה והסביבה,נתניה,4.0,0.0,ספייס סטאר,2022-10-02,2022-10-02,מציאה!! רכב שמור מאוד במצב מדהים נהגת יחידה עם מספר שלא תמצאו באף רכב שמור היטב מטופל רק בחברה.. לרצינים לפנות!! קילומטר נמוך!!0504055111
Mitsubishi,2017.0,2.0,G,2000,בנזין,0,,,,,nan,ניר עציון,1.0,0.0,אאוטלנדר,2022-09-28,2022-09-28,"רכב יד שניה, ללא תאונות, 7 מקומות, עשה טסט בחודש אוגוסט, צמיגים חדשים."
Mitsubishi,2021.0,1.0,G,2000,בנזין,0,,,,,באר שבע והסביבה,באר שבע,1.0,0.0,אאוטלנדר,2022-09-26,2022-09-26,רכב שמור מאוד
Mitsubishi,2010.0,1.0,G,1998,בנזין,0,,,,,פתח תקוה והסביבה,פתח תקווה,1.0,0.0,אאוטלנדר,2022-09-22,2022-09-22,"רכב שמור, צמיגים חדשים, מצבר חדש, טסט לשנה."
Mitsubishi,1990.0,2.0,G,1468,בנזין,0,,,,,ראש העין והסביבה,אלעד,1.0,0.0,לנסר,2022-09-21,2022-09-21,אספנות נוסע מעולה טסט פעם בשנה ביטוח ממש זול מזגן מחבר חדש
Mitsubishi,2022.0,1.0,G,1998,בנזין,300,,,,,רמלה - לוד,לוד,1.0,0.0,ASX,2022-09-21,2022-09-21,"רכב חדש מהניילון חודש על הכביש קילומטר נמוך,תוספות גג חשמלי נפתח,חלונות חשמליים,מערכת מולטימדיה,חיישני קורס,משענת יד מושקעת. &lt;br/&gt;&lt;br/&gt;פירוט:&lt;br/&gt; גג חשמלי נפתח,מערכת מולטימדיה."
Mitsubishi,2008.0,2.0,G,1584,בנזין,0,,,,,אשדוד - אשקלון,אשקלון,1.0,0.0,לנסר,2022-09-19,2022-09-19,רכב במצב טוב. נהג הרכב יחיד. טסט מסתיים בעוד חודש. קילומרז' נמוך. יד ראשונה -ליסינג.
Mitsubishi,2020.0,2.0,G,2000,בנזין,0,,,,,באר שבע והסביבה,באר שבע,1.0,0.0,ASX,2022-09-16,2022-09-16,"דגם פרימיום , חימום מושבים , גג פנורמי , מסך מולטימדיה, מושבי עור"
Mitsubishi,2016.0,3.0,G,2000,בנזין,0,,,,,אשדוד - אשקלון,אשדוד,1.0,0.0,אאוטלנדר,2022-09-16,2022-09-16,"יד 02 ליסינג תפעולי נהג יחיד לשעבר מנוע 1.99 בנזין 150 כסגימור אינסטייל צבע כסף 128,585 קמ 7 מקומות תוספות: וו גרירה, חיבור חשמל, מערכת Mobil Eyeטסט לשנה! &lt;br/&gt;&lt;br/&gt;פירוט:&lt;br/&gt; וו גרירה שקע חשמל, מערכת Mobil Eye"
Mitsubishi,2021.0,1.0,G,2000,בנזין,0,,,,,חדרה וישובי עמק חפר,חדרה,1.0,0.0,ASX,2022-09-16,2022-09-16,"מיצובישי מסוג asx מודל 2021, יד ראשונה מפרטי , לפרטיי יש ליצור קשר 0522661185 &lt;br/&gt;&lt;br/&gt;פירוט:&lt;br/&gt; מצלמה , איתורן, מגיני צד"
Mitsubishi,2016.0,2.0,G,2000,בנזין,0,,,,,אשדוד - אשקלון,אשדוד,1.0,0.0,אאוטלנדר,2022-09-14,2022-09-14,"ב""ה 7 מקומות שמור מאוד לאחר טיפול גדול במיציבושי טסט לשנה.+גגון. ריפודים במצב חדש."
Mitsubishi,2008.0,2.0,G,1300,בנזין,0,,,,,טבריה והסביבה,טבריה,1.0,0.0,לנסר,2022-09-13,2022-09-13,מיציבושי לנסר במצב מצוין טסט לשנה
Mitsubishi,2016.0,2.0,G,2000,בנזין,0,,,,,nan,נחושה,1.0,0.0,אאוטלנדר,2022-09-12,2022-09-12,רכב פשוט מעולה!נאלצים להיפרד כיוון שכבר לא זקוקים ל7 מקומות ולכן עוברים למשפחתי. אתם תהנו ממנו!
Mitsubishi,2016.0,2.0,G,2000,בנזין,150,,,,,nan,שעב,1.0,0.0,אאוטלנדר,2022-09-11,2022-09-11,list index out of range
Mitsubishi,2016.0,2.0,G,2000,בנזין,150,,,,,nan,שעב,1.0,0.0,אאוטלנדר,2022-09-11,2022-09-11,מיצופישי אווט לנדר 2016150 ק'ש7 מושביםגג
Mitsubishi,2016.0,1.0,G,2,בנזין,0,,,,,רעננה - כפר סבא,כפר סבא,1.0,0.0,אאוטלנדר,2022-09-10,2022-09-10,"רכב עם נהג יחיד בכל התקופה, ללא תאונות למעט שריטות. טסט עד יוני 2023"
Mitsubishi,2009.0,1.0,G,1500,בנזין,0,,,,,הוד השרון והסביבה,הוד השרון,1.0,0.0,לנסר הדור החדש,2022-09-10,2022-09-10,"רכב יד ראשונה, קילומטרג' נמוך. גמיש במחיר."
Mitsubishi,2020.0,1.0,G,1500,בנזין,0,,,,,פתח תקוה והסביבה,פתח תקווה,1.0,0.0,אקליפס,2022-09-07,2022-09-07,"רכב חדש לחלוטין, שמור מאוד, קילומטרז אפסי, nbug 1500 yurcu' מטופל במוסף נירון מוטורס פ""ת. עבר טסט וטיפול כעת כך שיש עוד שנה לטסט ולטיפול הבא, מערכות סטיית נתיב ועוד"
Mitsubishi,2016.0,1.0,G,2000,בנזין,0,,,,,חיפה וחוף הכרמל,חיפה,1.0,0.0,אאוטלנדר,2022-09-06,2022-09-06,"טסט לשנה , צמיגים חדשים , מערכת שמע מקורית מעולה, חניה בחניון מקורה"
Mitsubishi,2020.0,1.0,G,1500,בנזין,0,,,,,"ראשל""צ והסביבה",ראשון לציון,1.0,0.0,אקליפס,2022-09-06,2022-09-06,"יד ראשונה פרטית, רכב חדש לגמרי,שמור ומטופל,ללא תאונות, אחריות יצרן מלאה על הרכב,מערכת מולטימדייה, גג נפתח כפולנהג יחיד, ללא תאונות. לרציניים בלבד. &lt;br/&gt;&lt;br/&gt;פירוט:&lt;br/&gt; מערכת מולטימדיה, גג נפתח"
Mitsubishi,2008.0,3.0,G,1600,בנזין,240,,,,,טבריה והסביבה,קצרין,1.0,0.0,לנסר קלאסיק,2022-09-04,2022-09-04,רכב פצצה לאחר טיימינג משאבת מים ועוד…
Mitsubishi,2018.0,2.0,G,1400,בנזין,0,,,,,nan,ראשון,1.0,0.0,אקליפס,2022-09-04,2022-09-04,דגם מפואר גג פנורמי ריפודים מעור רכב שמור
Mitsubishi,2017.0,2.0,G,2000,בנזין,0,,,,,nan,מעלה עירון,1.0,0.0,אאוטלנדר,2022-09-04,2022-09-04,רכב שמור במצב טוב . לסינג לשעבר
Mitsubishi,2016.0,2.0,G,2000,בנזין,0,,,,,באר שבע והסביבה,באר שבע,1.0,0.0,אאוטלנדר,2022-09-03,2022-09-03,"למכירה מציאה של ממש** אאוטלנדר 2016 דגם אינטנס 5 מקומות כמו חדש קילומטראז רק 39 אלף פרטית ..עם תוספות מדרכות צד ניקל איכותיות ומולטימדיה 10 כל האפליקציות פתוחות ..רכב חסכוני שקט אמין מטופל רק במיצובישי פשוט לבוא לקחת מחירון לוי יצחק 112,000.. .בהצלחהבאר שבע"
Mitsubishi,2016.0,1.0,G,2000,בנזין,0,,,,,אילת והערבה,אילת,1.0,0.0,אאוטלנדר,2022-09-03,2022-09-03,מצב טוב מאוד. נהג יחיד. כל טיפולים בזמן. ללא תאונות.
Mitsubishi,2019.0,2.0,G,2000,בנזין,0,,,,,פתח תקוה והסביבה,פתח תקווה,1.0,0.0,ASX,2022-08-31,2022-08-31,רכב שמור נהג יחיד כולל מערכת מולטי מדיה מקורית. קילומטרז נמוך. מטופל במיצובישי
Mitsubishi,2010.0,3.0,G,2400,בנזין,0,,,,,באר שבע והסביבה,נתיבות,1.0,0.0,גרנדיס,2022-08-29,2022-08-29,דרושה רק החלפת מנוע והמחיר בהתאםהרכב עם מערכת גז לאחר טיפול גדול
Mitsubishi,2017.0,1.0,G,2000,בנזין,0,,,,,"ראשל""צ והסביבה",ראשון לציון,1.0,0.0,אאוטלנדר,2022-08-29,2022-08-29,"רכב שמור מאד, מטופל במוסך היבואן, ללא תאונות,נהג יחיד,5 מקומות"
Mitsubishi,2018.0,2.0,G,2000,בנזין,0,,,,,רמת גן - גבעתיים,רמת גן,1.0,0.0,ASX,2022-08-29,2022-08-29,"רכב במצב מצוין, לאחר טיפול גדול והחלפת צמיגים (מישלין 4 גלגלים)לרציניים בלבד ."
Mitsubishi,2017.0,3.0,G,1200,בנזין,0,,כסוף,P,P,nan,מתתיהו,3.0,0.0,ספייס סטאר,2022-08-28,2022-08-28,אמין וחסכוני.... והמחיר הוא סופי....
Mitsubishi,2011.0,2.0,G,2400,בנזין,0,,,,,nan,באקה אל-גרביה,1.0,0.0,גרנדיס,2022-08-23,2022-08-23,list index out of range
Mitsubishi,2011.0,2.0,G,2400,בנזין,0,,,,,nan,באקה אל-גרביה,1.0,0.0,גרנדיס,2022-08-23,2022-08-23,list index out of range
Mitsubishi,2017.0,1.0,G,1193,בנזין,0,,,,,פתח תקוה והסביבה,פתח תקווה,1.0,0.0,ספייס סטאר,2022-08-20,2022-08-20,"שמור, מטופל בזמן, לא רואה מוסך, חסכוני מאד בדלק, מכונית זריזה ונוחה לנסיעה עירונית ובינעירונית. &lt;br/&gt;&lt;br/&gt;פירוט:&lt;br/&gt; 4 חלונות חשמליים, נעילה מרכזית חיישן תאורה, חיישן גשם, בקרת שיוט (Cruise control), שליטה מגלגל ההגה על מערכת מולטימדיה והטלפון, בלוטו'ס מובנה, מערכת שמע עוצמתית. מערכת מובילאי המתריעה על שמירת מרחק, סטיה מנתיב והולכי רגל בכביש"
Mitsubishi,2019.0,1.0,G,2000,בנזין,0,,,,,בקעת אונו,יהוד מונוסון,1.0,0.0,אאוטלנדר,2022-08-18,2022-08-18,"בהזדמנות שמורה כחדשה מטופלת בחברה. מטרז' נמוך, מצלמה קידמית מתנה.לא בשבת &lt;br/&gt;&lt;br/&gt;פירוט:&lt;br/&gt; מצלמת רוורס מצלמה קידמית גג נפתח"
Mitsubishi,2016.0,2.0,G,2000,בנזין,0,,,,,נתניה והסביבה,נתניה,1.0,0.0,אאוטלנדר,2022-08-17,2022-08-17,הרכב שמור במצב חדש עבר שטיפה ומחכה לבעלים הבאים נמכר עקב קבלת רכב מהעבודההאוטו שמור במצב חדש יד 2 ריפודי עור חלונות כהים מגנזיום 7 מקומות הכול כחדש
Mitsubishi,2011.0,3.0,G,1500,בנזין,199,,,,,חיפה וחוף הכרמל,חיפה,1.0,0.0,לנסר החדשה,2022-08-16,2022-08-16,מיצובישי לנסר שליטה מהגה אוטו חסכונישמור ומטופל בשמנים אחי טובים
Mitsubishi,2019.0,1.0,G,2000,בנזין,0,,,,,פתח תקוה והסביבה,פתח תקווה,1.0,0.0,אאוטלנדר,2022-08-15,2022-08-15,"רכב במצב מצוין, עבר כל הטיפולים במוסך המרכזי של מיצובישי, ללא תאונות, מכירה מיידית."
Mitsubishi,2016.0,1.0,G,1998,בנזין,0,,,,,רמת גן - גבעתיים,רמת גן,1.0,0.0,אאוטלנדר,2022-08-13,2022-08-13,שמור מאוד.
Mitsubishi,2018.0,1.0,G,1998,בנזין,0,,,,,ירושלים והסביבה,ירושלים,1.0,0.0,אאוטלנדר,2022-08-12,2022-08-12,"טסט לשנה, שמור כחדש , טיפולים בזמן"
Mitsubishi,2011.0,1.0,G,1800,בנזין,0,,,,,באר שבע והסביבה,באר שבע,1.0,0.0,לנסר,2022-08-12,2022-08-12,מיצובישי לנסר ספורט. יד ראשונה. רכב מטופל.
Mitsubishi,2019.0,1.0,G,2500,בנזין,0,,,,,חולון - בת ים,חולון,1.0,0.0,אאוטלנדר,2022-08-11,2022-08-11,"רכב 7 מקומות אינסטייל,גג נפתח,ריפודים,וו גרירה רכב חדש"
Mitsubishi,2016.0,2.0,G,1989,בנזין,0,,,,,באר שבע והסביבה,באר שבע,1.0,0.0,אאוטלנדר,2022-08-04,2022-08-04,שלום רכב במצב מצוין בלי תאונות שמור
Mitsubishi,2014.0,2.0,G,2000,בנזין,200,,,,,ירושלים והסביבה,ירושלים,1.0,0.0,אאוטלנדר,2022-08-03,2022-08-03,"רכב נהדר במצב מעולה!גרסה מפוארת 4X4 עם ריפוד עוד מושבים מתכווננים חשמלית עם חימום.נמכר עקב מעבר לרכב מותאם לנכה.(גמיש מעט במחיר במעמד המכירה) &lt;br/&gt;&lt;br/&gt;פירוט:&lt;br/&gt; גג נפתח ,תוספת וו גרירה. (מנשאהאפניים עם לוחית הרישוי במתנה)גגון (ilan&amp;ofer)"
Mitsubishi,2017.0,1.0,G,1200,בנזין,0,,,,,חולון - בת ים,בת ים,1.0,0.0,ספייס סטאר,2022-08-01,2022-08-01,list index out of range
Mitsubishi,2011.0,2.0,G,1500,בנזין,0,,,,,נס ציונה - רחובות,נס ציונה,1.0,0.0,לנסר הדור החדש,2022-07-31,2022-07-31,יד 2 אבל אותם בעלים כמו ראשונה ( נוסף בעלים נוסף)במצב מעולה. ללא תאונות. טופל כל השנים במוסך מורשה של מיצובישי
Mitsubishi,2020.0,1.0,G,1998,בנזין,0,,,,,הוד השרון והסביבה,הוד השרון,1.0,0.0,ASX,2022-07-30,2022-07-30,"דגם פרמיום. ללא תאונות ותיקונים. טיפולים במוסך מורשה של היבואן. נהג יחיד וותיק ומנוסה . &lt;br/&gt;&lt;br/&gt;פירוט:&lt;br/&gt; גג פנוראמי, מושבי עור, פנסי LED, מצלמה אחורית, SIM למולטימדיה. WAZE.תוספות ושדרוגים: מרים שמשות, חיישני רברס, מדרכי צד, איתורן,"
Mitsubishi,2008.0,5.0,G,1600,בנזין,0,,,,,ראש העין והסביבה,ראש העין,1.0,0.0,לנסר קלאסיק,2022-07-29,2022-07-29,"מיצובישי לנסר שנת 2008. 251 אלף קילומטר. יד 5 טסט עד סוף ינואר 2023. רכב שמור מאוד ומושקע. מצבר חדש באחריות נעשה טיימינג וטיפול. מחיר נמוך עקב תקלה שאין לי זמן לטפל רכב מניעה נוסע אך רועד. &lt;br/&gt;&lt;br/&gt;פירוט:&lt;br/&gt; גיאנטים מאוחדים, מערכת מולטימדיה אנדרואיד כולל מצלמת רוורס."
Mitsubishi,2018.0,1.0,G,2000,בנזין,0,,,,,פתח תקוה והסביבה,פתח תקווה,1.0,0.0,אאוטלנדר,2022-07-27,2022-07-27,"mitsubishi outlander instyle 2018 7 seaterמיצובישי אאוטלנדר אינסטייל 7 מקומותנהג יחיד50,000 קמטיפולים במוסך מורשה.טיפול הבא 7/23טסט עד סוף 1/23 &lt;br/&gt;&lt;br/&gt;פירוט:&lt;br/&gt; מפתח חכםסאנרוףגלגלי מגנזיוםכיסויים על כל המושבים.צמיגים חדשים.מצבר חדש.שמור מאוד כחדש"
Mitsubishi,2009.0,3.0,G,2500,טורבו דיזל,0,,,,,"ראשל""צ והסביבה",באר יעקב,1.0,0.0,אאוטלנדר,2022-07-24,2022-07-24,הנטר מצב פצצה מנוע חדש טסט שנה מלאה
Mitsubishi,2008.0,3.0,G,2390,בנזין,0,,,,,נס ציונה - רחובות,רחובות,1.0,0.0,אאוטלנדר,2022-07-21,2022-07-21,"דגם ספורט מפנק, כסאות מעור, חימום לכסאות, קילומטר נמוך ממוצע 10.000 בשנה. &lt;br/&gt;&lt;br/&gt;פירוט:&lt;br/&gt; סנרוף, מערכת שמע."
Mitsubishi,2017.0,2.0,G,1193,בנזין,0,,,,,רמת השרון - הרצליה,רמת השרון,1.0,0.0,ספייס סטאר,2022-07-21,2022-07-21,הרכב במצב מצוין
Mitsubishi,2020.0,1.0,G,2360,חשמלי,0,,,,,גליל ועמקים,נצרת,1.0,0.0,אאוטלנדר,2022-07-20,2022-07-20,list index out of range
Mitsubishi,2011.0,2.0,G,1499,בנזין,250,,,,,ראש העין והסביבה,אלעד,1.0,0.0,לנסר הדור החדש,2022-07-18,2022-07-18,רכב במצב מעולה שמור נהג יחיד מזגן מקפיא ריפודים חדשים מערכת מולטימדיהמוכר אותו כי אני סטודנט ועובר לאפנוע מצורף טופס בדיקה יצא 100אחוז תקין
Mitsubishi,2008.0,3.0,G,1584,בנזין,0,,,,,פתח תקוה והסביבה,פתח תקווה,1.0,0.0,לנסר קלאסיק,2022-07-12,2022-07-12,"רכב מעולה מצב מכני כמו חדש !!! מזגן מקפיא !! הוחלפו צמיגים , משולשים , צלחות ורפידות לצורך המכירה במצב הכי מפנק שאפשר !! כל הקודם זוכה"
Mitsubishi,2005.0,2.0,G,2380,בנזין,0,,,,,באר שבע והסביבה,באר שבע,1.0,0.0,גרנדיס,2022-07-11,2022-07-11,רכב במצב מעולה !
Mitsubishi,2012.0,1.0,G,1998,בנזין,0,,,,,באר שבע והסביבה,דימונה,1.0,0.0,אאוטלנדר,2022-07-03,2022-07-03,שמור ומטופל. &lt;br/&gt;&lt;br/&gt;פירוט:&lt;br/&gt; מקים שמשות ודיבורית.
Mitsubishi,2022.0,1.0,G,1193,בנזין,0,,,,,רמת השרון - הרצליה,רמת השרון,1.0,0.0,ספייס סטאר,2022-07-02,2022-07-02,"רכב חדש מפרטי, עלה לכביש 4/22, מרווח וחסכוני בדלק.אחריות יבואן 3 שנים עד 4/25, ימסר עם 3 שוברים לטיפול מתנה במוסך היבואן. &lt;br/&gt;&lt;br/&gt;פירוט:&lt;br/&gt; חיישני רוורס ומצלמה אחורית"
Mitsubishi,2019.0,1.0,G,1500,בנזין,0,,לבן,L,P,אשדוד - אשקלון,אשדוד,6.0,0.0,אקליפס,2022-06-23,2022-06-29,"רכב שמור מאוד!!מטופל במוסך מורשה, 45 אלף קילומטר .נמכר עקב קבלת רכב חדש.לרצינים בלבד!!לא בשבת!"
Mitsubishi,2017.0,2.0,G,2000,בנזין,0,,,,,גליל ועמקים,נצרת,1.0,0.0,אאוטלנדר,2022-06-27,2022-06-27,שמור ומטופל בזמן אפס תקלות טסט לשנה &lt;br/&gt;&lt;br/&gt;פירוט:&lt;br/&gt; מפואר עם גג נפתח
Mitsubishi,2019.0,1.0,G,1998,בנזין,0,,,,,nan,יאנוח-ג'ת,1.0,0.0,אאוטלנדר,2022-06-27,2022-06-27,רכב כחדשמצב מצויין
Mitsubishi,2011.0,2.0,G,2500,דיזל,140,,,,,קיסריה והסביבה,אור עקיבא,1.0,0.0,קולט,2022-06-23,2022-06-23,list index out of range
Mitsubishi,2005.0,3.0,G,1600,בנזין,0,,,,,פתח תקוה והסביבה,פתח תקווה,1.0,0.0,לנסר קלאסיק,2022-06-23,2022-06-23,"רכב מעולה ואמין שירת אותנו נאמנה, מזגן תקין, לשים דלק ולנסוע."
Mitsubishi,2009.0,3.0,G,1500,בנזין,0,,,,,חיפה וחוף הכרמל,עתלית,1.0,0.0,לנסר הדור החדש,2022-06-23,2022-06-23,"מיצובישי לנסר הדור החדש 2009 1500 סמ""ק בצבע כסף, אוטו במצב מעולה, אמין מאוד, מטופל תמיד בזמן עם חלפים מקוריים. אצלי 8 שנים שימש אותי נאמנה ללא תקלות. כדאי מאוד!!!"
Mitsubishi,2011.0,1.0,G,1600,בנזין,0,,,,,רמלה - לוד,רמלה,1.0,0.0,לנסר הדור החדש,2022-06-20,2022-06-20,רכב במצב טוב מזגן עובד ייש קודנית
Mitsubishi,2008.0,2.0,G,1600,בנזין,0,,,,,רעננה - כפר סבא,כפר סבא,1.0,0.0,לנסר קלאסיק,2022-06-20,2022-06-20,"אצלמו מ 2008 , ללא תאונות. אמין ושקט."
Mitsubishi,2009.0,2.0,G,1499,בנזין,0,,,,,נס ציונה - רחובות,מזכרת בתיה,1.0,0.0,לנסר הדור החדש,2022-06-17,2022-06-17,"מכנית-שמורה ומטופלת, ללא תקלות, ללא תאונות, טסט עד 8/22. חיצונית- שפשופי פגושים, אזורי צבע דהוי, 2 מכות קלות ביותר בפח. &lt;br/&gt;&lt;br/&gt;פירוט:&lt;br/&gt; מזגן טוב"
Mitsubishi,2018.0,1.0,G,1499,בנזין,0,,,,,רמת גן - גבעתיים,גבעתיים,1.0,0.0,אקליפס,2022-06-09,2022-06-09,דגם- אקליפס קרוס. תת דגם- אינסייט. עלתה לכביש בנובמבר 2018.במצב מעולה כחדשה. ללא תאונות.
Mitsubishi,2011.0,2.0,G,2000,בנזין,0,,,,,חדרה וישובי עמק חפר,חדרה,1.0,0.0,אאוטלנדר,2022-05-31,2022-05-31,"מיצובישי אאוטלנדר, בצבע לבן, יד שניה, 224000 קילומטרים. הרכב שמור. בלי תעונות. טסט עד 01.2023. מערכת מולטימדיה חדשנית עם אופציה ל-waze."
Mitsubishi,2016.0,2.0,G,2000,בנזין,0,,,,,באר שבע והסביבה,באר שבע,1.0,0.0,אאוטלנדר,2022-05-29,2022-05-29,"מציאה**כמו חדש חדש**למכירה אאוטלנדר 2016 דגם אינטנס 5 מקומות צבע גרניט..רכב שמור ,חסכוני ושקט..קילומטראג' רק 38 אלף!! עבר 2 ידיים פרטיות..כולל תוספות של מערכת אנדרואיד ענקית 10 אינץ עם חנות אפליקציות פתוחה וכולל מדרכות צד ניקל איכותיות..מחירון של הרכב 108,000 ...מבאר שבע &lt;br/&gt;&lt;br/&gt;פירוט:&lt;br/&gt; מולטימדיה מדרכות צד"
Mitsubishi,2008.0,3.0,G,1600,בנזין,0,,,,,בקעת אונו,גני תקווה,1.0,0.0,לנסר קלאסיק,2022-05-27,2022-05-27,רכב במצב מכני מצויין ושמור . מבחינת קוסמטיקה של הרכב ובפחחות הרכב לקוי צבע דאוי וכמה מכות פח . 125 אלף קמ
Mitsubishi,2017.0,1.0,G,2000,בנזין,0,,,,,פתח תקוה והסביבה,פתח תקווה,1.0,0.0,אאוטלנדר,2022-05-24,2022-05-24,דגם פרימיום המפואר 7 מושבים מעור מערכת מולטימדיה מצלמה אחורית וקדמית נהגת יחידה --18000 קילומטר בלבד--- בלי מכות בלי תאונות בלי שריטות אוטו במצב חדש &lt;br/&gt;&lt;br/&gt;פירוט:&lt;br/&gt; באן רווף מצלמה אחורית וקדמית מדרכות צד חימום במושבים
Mitsubishi,2018.0,1.0,G,1200,בנזין,0,,לבן פנינה,P,P,מושבים בשרון,אבן יהודה,1.0,0.0,ספייס סטאר,2022-04-06,2022-05-21,שמורה מאוד מטופלת ללא תאונות
Mitsubishi,2017.0,1.0,G,2000,בנזין,0,,,,,nan,ראשון,1.0,0.0,אאוטלנדר,2022-05-18,2022-05-18,ללא תאונותצמיגים ומצבר חדשים מקוריים הוחלפו לא מזמן
Mitsubishi,2015.0,2.0,G,2200,דיזל,0,,,,,חולון - בת ים,אזור,1.0,0.0,אאוטלנדר,2022-05-10,2022-05-10,"אאוטלנד הדגם המפואר ביותר כולל כל התוספות!מושבי עור, בקרת שיוט, בלימה אוטונמית, מושב חשמלי , חימום מושבים ועןד ועוד"
Mitsubishi,2019.0,1.0,G,1499,בנזין,0,,,,,רמת גן - גבעתיים,רמת גן,1.0,0.0,אקליפס,2022-05-09,2022-05-09,"רכב שני. ק""מ נמוך מטופל אצל היבואן. יימכר לאחר טיפול גדול. שווה! &lt;br/&gt;&lt;br/&gt;פירוט:&lt;br/&gt; דגם INTENSE"
Mitsubishi,2021.0,2.0,G,1499,בנזין,0,,,,,nan,Ashdod,1.0,0.0,אקליפס,2022-05-01,2022-05-01,"מיצובישי אקליפס דגם INSTYהרכב מטופל במוסך מורשה מיצובישי אשדודלרכב יש טסט עד 01/23 &lt;br/&gt;&lt;br/&gt;פירוט:&lt;br/&gt; מראות חשמליות, גאנטים, גג נפתח, מערכת שמע מטורפת"
Mitsubishi,2022.0,1.0,G,1226,בנזין,0,,,,,חולון - בת ים,בת ים,1.0,0.0,ספייס סטאר,2022-04-27,2022-04-27,רכב חדש מה ניילונים
Mitsubishi,2015.0,1.0,G,1200,בנזין,0,,,,,"ראשל""צ והסביבה",ראשון לציון,1.0,0.0,ספייס סטאר,2022-04-18,2022-04-18,"לבוא לקחת. התחייבות לקנייה חוזרת עד 5 שנים. שקיפות מלאה!!! מגוון אפשרויות מימון עד 100% כולל תשלום בצקים. נמצא בסוכנות ""גרינקאר"" בראשל""צ, רח' הרצל 28. הנחות ומחירים מיוחדים יינתנו בסניף, יחס אישי לכל לקוח שקיפות מלאה!!! מבחר ענק של רכבים נוספים ניתן לראות באתר של גרינקאר. לצאת עם רכב חדש באותו היום."
Mitsubishi,2010.0,4.0,G,1500,בנזין,0,,אפור,P,P,באר שבע והסביבה,אופקים,7.0,0.0,לנסר,2021-11-17,2021-11-17,מיצבושי לנסר החדשה
Mitsubishi,2008.0,3.0,G,1600,בנזין,0,,אפור עכבר,P,P,טבריה והסביבה,טבריה,10.0,0.0,לנסר קלאסיק,2021-10-15,2021-10-15,מיצובישי לאנסר 2008 אוטמט98 כ״סיד 03230 אלף ק״מבמצב מכאני מעולהבמערכת מותקנת דיברוית ובלוטוס לשיריםבס ורמקולים של פיונירחלונות מושחרים אחורייםרכב מדהים לנסיעה! נמכר עקב שדרוג לשנה חדשה יותר
Mitsubishi,2008.0,2.0,G,1800,בנזין,0,,בז',P,P,רמת גן - גבעתיים,בני ברק,4.0,0.0,סופר לנסר,2021-10-04,2021-10-04,"רכב רחב ומפנק, קילומטרז' נמוך לגילו, ללא תאונות, מטופל בזמן."
Mitsubishi,2005.0,3.0,G,1800,בנזין,0,,כסוף,P,P,ירושלים והסביבה,ירושלים,0.0,0.0,לנסר קלאסיק,2023-09-29,2023-09-29,רכב תקין ללא שום בעיות.מזגן מקפיא!הושקע מולטימדיה יותר מ1000 שחטסט לעוד חצי שנה .מוכר בכ''כ זול משום שאני כבר לא משתמש עם הרכב
Mitsubishi,2014.0,4.0,G,1200,בנזין,0,,,,,"ראשל""צ והסביבה",ראשון לציון,0.0,0.0,אטראז',2022-10-29,2022-10-29,רכב שמור מטופל בזמן ניראה כמו חדש מפתח חכם גמיש במחיר
Mitsubishi,2008.0,5.0,G,1584,בנזין,0,,,,,רמת גן - גבעתיים,בני ברק,0.0,0.0,לנסר,2022-10-25,2022-10-25,list index out of range
Mitsubishi,2012.0,3.0,G,1600,בנזין,0,,,,,ירושלים והסביבה,ירושלים,0.0,0.0,לנסר הדור החדש,2022-10-15,2022-10-15,רכב שמור ומטופלטסט לשנה
Mitsubishi,2010.0,3.0,G,1500,בנזין,0,,,,,באר שבע והסביבה,נתיבות,0.0,0.0,לנסר הדור החדש,2022-10-14,2022-10-14,list index out of range
Mitsubishi,2009.0,3.0,G,3200,דיזל,0,,לבן,P,P,חולון - בת ים,בת ים,2.0,0.0,I-MIEV,2022-05-15,2022-05-15,הכול מקורי פנים וחוץ האותו 4X4 נפח 3200
Mitsubishi,2016.0,3.0,G,2000,בנזין,0,,,,,אשדוד - אשקלון,אשדוד,0.0,0.0,אאוטלנדר,2022-09-27,2022-09-27,"מיצובישי אאוטלנדר 08/2016 יד 02 ליסינג תפעולי נהג יחיד לשעבר מנוע 1.99 בנזין 150 כסגימור אינסטייל: חלון בגג, מפתח חכם ועוד צבע כסף 7 מקומות תוספות: וו גרירה, חיבור חשמל, מערכת Mobil Eye, מערכת מולטימדיה מסך מגע, מצבר חדש, רדיאטור וגז למזגן, צמיג רזרבי חדש, חלונות אחוריים מושחרים ועוד. טסט לשנה!"
Mitsubishi,2021.0,1.0,G,1200,בנזין,0,,,,,נתניה והסביבה,נתניה,0.0,0.0,ספייס סטאר,2022-09-27,2022-09-27,"רכב חדש של אדם מבוגר (אבא שלי) רק 6000 ק""מ,ללא שריטה , חונה תמיד בחניון מקורה מתחת לבניין נמכר עקב חוסר שימוש"
Mitsubishi,2007.0,2.0,G,1600,בנזין,0,,,,,רעננה - כפר סבא,כפר סבא,0.0,0.0,לנסר,2022-09-17,2022-09-17,list index out of range
Mitsubishi,2015.0,2.0,G,2000,בנזין,0,,,,,מודיעין והסביבה,מודיעין מכבים רעות,0.0,0.0,אאוטלנדר,2022-09-02,2022-09-02,list index out of range
Mitsubishi,2016.0,2.0,G,2000,בנזין,0,,,,,נתניה והסביבה,נתניה,0.0,0.0,אאוטלנדר,2022-09-01,2022-09-01,מיצובישי אאוטלנדר 7 מקומות מצב חדש אוטו שמור שמור
Mitsubishi,2007.0,1.0,G,1600,בנזין,0,,,,,nan,תל אבי,0.0,0.0,לנסר קלאסיק,2022-08-27,2022-08-27,list index out of range
Mitsubishi,2022.0,1.0,G,2500,בנזין,0,,,,,עמק יזרעאל,קרית טבעון,0.0,0.0,אאוטלנדר,2022-07-30,2022-07-30,אאוטלנדר החדש דגם פרימיום 2022 יד ראשונה רכב חדש חדש עשה רק 6000 &lt;br/&gt;&lt;br/&gt;פירוט:&lt;br/&gt; ריפודי עור סנטטי רכב מבוקש מאוד ושמור כל הקודם זוכה ....
Mitsubishi,2021.0,1.0,G,2500,בנזין,0,,,,,קריות,קרית ביאליק,0.0,0.0,אאוטלנדר,2022-07-23,2022-07-23,list index out of range
Mitsubishi,,,,0,,0,,,,,nan,,,0.0,,,,גג נפתח גם מאחורה
Mitsubishi,2018.0,1.0,G,2000,בנזין,0,,,,,"ראשל""צ והסביבה",בית דגן,0.0,0.0,ASX,2022-07-15,2022-07-15,רכב שמור מטופל במוסכי מיטצובישי בלבד. לא עבור תאונות.יד פרטית.
Mitsubishi,2019.0,1.0,G,2000,בנזין,0,,,,,nan,יקנעם עילית,0.0,0.0,ASX,2022-07-14,2022-07-14,"שמורה מאד,מטופלת אך ורק במוסך מורשה ללא תאונות"
Mitsubishi,2007.0,3.0,G,1600,בנזין,0,,,,,ירושלים והסביבה,ירושלים,0.0,0.0,לנסר,2022-06-27,2022-06-27,"רכב מצוין,חסכוני,טסט בעוד חודש,מזגן מעולה,ישנם קילופי צבע,יד ראשונה היתה השכרהלא בשבת! &lt;br/&gt;&lt;br/&gt;פירוט:&lt;br/&gt; קודנית,בלוטוס,חיישני רוורס,גלגלי מגנזיום,4 צמיגים במצב מעולה"
Mitsubishi,2017.0,1.0,G,1998,בנזין,0,,,,,מודיעין והסביבה,מודיעין מכבים רעות,0.0,0.0,אאוטלנדר,2022-05-22,2022-05-22,"מצב מצויין, שמור, כל הטיפולים בסוכנות מיצובישי/יונדאי מודיעין מתועדים. צמיגים חדשים, מצבר שנה וחצי. חלונות חשמלים, נעילה /פתיחה מרכזית מהשלט, מראות חשמליים."
Mitsubishi,2020.0,1.0,G,1500,בנזין,0,,,,,מודיעין והסביבה,מודיעין,0.0,0.0,אקליפס,2022-05-11,2022-05-11,רכב שמור נמצא בחניה מקורה נהג יחיד(70)
Mitsubishi,2010.0,3.0,G,1500,בנזין,0,,,,,קריות,רכסים,0.0,0.0,לנסר הדור החדש,2022-05-05,2022-05-05,חלונות שחורים מסך באגז גדול מושבים יפים
Mitsubishi,2017.0,2.0,G,2000,בנזין,0,,,,,באר שבע והסביבה,באר שבע,0.0,0.0,אאוטלנדר,2022-04-26,2022-04-26,הרכב במצב מצוייןטסט שלמה שלמה צלחות ברקסים וצמיגים חדשיםטיפולצרק במוסך מורשהמלא תוספות זה דגם אינסטייל עם חלון בגג והנעה ללא מתפתחמראות מתקפלותוחלונות מתורגמים &lt;br/&gt;&lt;br/&gt;פירוט:&lt;br/&gt; גגוןמדרגות צדפסי קישוטמצלמת דרך ועוד...
Mitsubishi,2015.0,2.0,G,1200,בנזין,100,,כסוף מטאלי,P,P,בית שמש והסביבה,בית שמש,0.0,0.0,ספייס סטאר,2022-01-13,2022-01-13,נהגת יחידה. אוטו שני בבית.הרכב במצב חדשש. 4צמיגים חדשים .מצבר חדש .לאחר טיפול 100 אלף .חונה בחניה מקורה חסכוני מאוד שמור ומטופל ברמות כול הקודם זוכה
